episode,total_reward,steps,avg_loss,epsilon,solved
1,-126.50,1024,0.0595,0.9970,0
2,-25.00,451,0.0450,0.9940,1
3,-102.00,1024,0.0813,0.9910,0
4,-58.00,743,0.0704,0.9881,1
5,-116.50,1024,0.0656,0.9851,0
6,-131.50,1024,0.0865,0.9821,0
7,-124.50,1024,0.1462,0.9792,0
8,-92.50,1024,0.1885,0.9763,0
9,-114.00,1024,0.1573,0.9733,0
10,-34.50,498,0.2044,0.9704,1
11,-43.50,516,0.1774,0.9675,1
12,-101.00,1024,0.2190,0.9646,0
13,-91.00,1024,0.2074,0.9617,0
14,-41.50,586,0.1468,0.9588,1
15,-83.00,1024,0.1937,0.9559,0
16,-93.00,1024,0.1742,0.9531,0
17,-77.50,1024,0.1556,0.9502,0
18,-29.00,347,0.1413,0.9474,1
19,-23.50,422,0.2078,0.9445,1
20,-2.00,243,0.1836,0.9417,1
21,4.50,174,0.1990,0.9389,1
22,-52.00,691,0.2043,0.9360,1
23,-72.50,888,0.1682,0.9332,1
24,-61.00,1024,0.1629,0.9304,0
25,-31.00,513,0.1133,0.9276,1
26,-35.50,694,0.1507,0.9249,1
27,-18.50,436,0.2156,0.9221,1
28,-4.00,329,0.1209,0.9193,1
29,9.00,199,0.1337,0.9166,1
30,-42.00,653,0.0797,0.9138,1
31,-23.50,372,0.0881,0.9111,1
32,11.50,150,0.1630,0.9083,1
33,-9.50,272,0.1805,0.9056,1
34,-33.00,611,0.0783,0.9029,1
35,-0.50,282,0.1449,0.9002,1
36,-47.50,596,0.0887,0.8975,1
37,-3.50,280,0.0893,0.8948,1
38,-20.50,442,0.0611,0.8921,1
39,-19.00,367,0.0730,0.8894,1
40,-45.00,669,0.0725,0.8868,1
41,-20.00,569,0.0766,0.8841,1
42,5.50,346,0.0957,0.8814,1
43,-16.00,495,0.0707,0.8788,1
44,-17.50,294,0.0944,0.8762,1
45,-2.00,243,0.0528,0.8735,1
46,-11.00,251,0.0839,0.8709,1
47,-8.50,274,0.0219,0.8683,1
48,-14.00,427,0.0311,0.8657,1
49,-13.50,388,0.0469,0.8631,1
50,3.00,251,0.0593,0.8605,1
51,-10.00,327,0.0276,0.8579,1
52,-11.00,341,0.0156,0.8554,1
53,-0.50,260,0.0150,0.8528,1
54,-13.50,370,0.0300,0.8502,1
55,-8.00,203,0.0324,0.8477,1
56,-5.00,261,0.0230,0.8451,1
57,-6.00,327,0.0217,0.8426,1
58,-16.00,401,0.0141,0.8401,1
59,14.00,123,0.0284,0.8376,1
60,-26.50,464,0.0193,0.8350,1
61,4.00,235,0.0090,0.8325,1
62,3.50,144,0.0044,0.8300,1
63,-8.00,345,0.0331,0.8276,1
64,6.50,278,0.0361,0.8251,1
65,3.00,187,0.0184,0.8226,1
66,-72.00,1024,0.0148,0.8201,0
67,-31.00,557,0.0132,0.8177,1
68,0.50,282,0.0057,0.8152,1
69,-66.00,1024,0.0050,0.8128,0
70,10.00,135,0.0111,0.8103,1
71,-1.00,137,0.0030,0.8079,1
72,-1.00,267,0.0022,0.8055,1
73,11.50,198,0.0083,0.8031,1
74,-10.50,310,0.0045,0.8006,1
75,10.00,185,0.0081,0.7982,1
76,7.50,228,0.0033,0.7959,1
77,15.00,119,0.0019,0.7935,1
78,-22.00,441,0.0106,0.7911,1
79,12.50,124,0.0031,0.7887,1
80,9.00,193,0.0169,0.7863,1
81,-9.00,351,0.0047,0.7840,1
82,-63.00,1024,0.0019,0.7816,0
83,11.50,136,0.0019,0.7793,1
84,-17.50,538,0.0019,0.7770,1
85,-5.00,325,0.0025,0.7746,1
86,12.50,88,0.0018,0.7723,1
87,-11.50,378,0.0015,0.7700,1
88,2.00,219,0.0021,0.7677,1
89,18.50,100,0.0017,0.7654,1
90,-26.50,494,0.0022,0.7631,1
91,4.50,186,0.0021,0.7608,1
92,8.50,182,0.0024,0.7585,1
93,5.00,215,0.0019,0.7562,1
94,10.00,155,0.0033,0.7540,1
95,-68.00,1024,0.0019,0.7517,0
96,7.00,227,0.0035,0.7494,1
97,17.00,111,0.0024,0.7472,1
98,12.50,156,0.0020,0.7449,1
99,-67.50,1024,0.0020,0.7427,0
100,5.00,173,0.0024,0.7405,1
101,12.50,162,0.0017,0.7383,1
102,-74.50,1024,0.0023,0.7360,0
103,8.00,155,0.0012,0.7338,1
104,-33.50,554,0.0021,0.7316,1
105,17.00,89,0.0048,0.7294,1
106,-67.50,1024,0.0026,0.7273,0
107,-4.00,359,0.0020,0.7251,1
108,11.50,144,0.0019,0.7229,1
109,11.50,128,0.0023,0.7207,1
110,9.50,126,0.0020,0.7186,1
111,-69.00,1024,0.0027,0.7164,0
112,15.00,149,0.0021,0.7143,1
113,6.00,205,0.0028,0.7121,1
114,2.00,283,0.0025,0.7100,1
115,-9.00,391,0.0024,0.7079,1
116,5.50,176,0.0017,0.7057,1
117,13.00,117,0.0020,0.7036,1
118,-44.00,661,0.0023,0.7015,1
119,11.00,139,0.0022,0.6994,1
120,-23.50,506,0.0022,0.6973,1
121,17.00,93,0.0017,0.6952,1
122,10.00,157,0.0021,0.6931,1
123,17.50,100,0.0025,0.6910,1
124,18.00,95,0.0028,0.6890,1
125,8.50,138,0.0021,0.6869,1
126,-56.00,845,0.0025,0.6848,1
127,16.00,91,0.0015,0.6828,1
128,12.00,105,0.0039,0.6807,1
129,13.00,121,0.0026,0.6787,1
130,-49.00,1024,0.0022,0.6767,0
131,18.00,71,0.0023,0.6746,1
132,16.00,99,0.0014,0.6726,1
133,-2.50,326,0.0016,0.6706,1
134,0.00,275,0.0018,0.6686,1
135,-65.00,1024,0.0024,0.6666,0
136,18.50,96,0.0022,0.6646,1
137,-51.00,1024,0.0021,0.6626,0
138,-13.00,483,0.0026,0.6606,1
139,7.50,170,0.0016,0.6586,1
140,7.00,223,0.0021,0.6566,1
141,12.50,106,0.0014,0.6547,1
142,-62.00,1024,0.0022,0.6527,0
143,16.00,113,0.0025,0.6507,1
144,17.00,125,0.0019,0.6488,1
145,13.00,139,0.0041,0.6468,1
146,-2.50,344,0.0032,0.6449,1
147,-50.00,1024,0.0028,0.6430,0
148,12.50,112,0.0018,0.6410,1
149,16.00,123,0.0016,0.6391,1
150,16.00,91,0.0042,0.6372,1
151,-31.00,589,0.0026,0.6353,1
152,-62.00,1024,0.0024,0.6334,0
153,-53.00,831,0.0033,0.6315,1
154,-60.50,1024,0.0029,0.6296,0
155,-57.00,865,0.0027,0.6277,1
156,14.50,122,0.0032,0.6258,1
157,-58.50,1024,0.0032,0.6239,0
158,14.50,96,0.0016,0.6221,1
159,17.50,70,0.0022,0.6202,1
160,18.00,89,0.0019,0.6183,1
161,-47.00,1024,0.0023,0.6165,0
162,1.00,309,0.0045,0.6146,1
163,-45.50,1024,0.0021,0.6128,0
164,16.50,92,0.0040,0.6110,1
165,-62.00,1024,0.0021,0.6091,0
166,17.00,103,0.0021,0.6073,1
167,17.00,121,0.0032,0.6055,1
168,-39.00,1024,0.0035,0.6037,0
169,15.00,127,0.0025,0.6018,1
170,15.00,97,0.0045,0.6000,1
171,17.50,68,0.0029,0.5982,1
172,19.50,90,0.0026,0.5964,1
173,-52.00,1024,0.0032,0.5947,0
174,16.00,67,0.0014,0.5929,1
175,-58.00,1024,0.0031,0.5911,0
176,-55.00,1024,0.0023,0.5893,0
177,-47.00,1024,0.0046,0.5875,0
178,16.50,68,0.0114,0.5858,1
179,18.50,88,0.0056,0.5840,1
180,19.00,73,0.0033,0.5823,1
181,-48.50,1024,0.0047,0.5805,0
182,17.50,72,0.0020,0.5788,1
183,18.00,77,0.0042,0.5771,1
184,-58.50,1024,0.0041,0.5753,0
185,-46.50,1024,0.0051,0.5736,0
186,-40.50,1024,0.0044,0.5719,0
187,-52.00,1024,0.0046,0.5702,0
188,-44.00,1024,0.0058,0.5684,0
189,17.50,66,0.0016,0.5667,1
190,19.00,85,0.0022,0.5650,1
191,16.50,96,0.0071,0.5633,1
192,-54.00,893,0.0051,0.5617,1
193,-53.50,1024,0.0042,0.5600,0
194,-38.50,1024,0.0046,0.5583,0
195,18.00,83,0.0021,0.5566,1
196,-46.00,1024,0.0038,0.5549,0
197,-57.50,1024,0.0046,0.5533,0
198,-51.50,1024,0.0050,0.5516,0
199,16.00,101,0.0054,0.5500,1
200,-42.00,1024,0.0030,0.5483,0
201,20.50,84,0.0019,0.5467,1
202,-31.00,713,0.0042,0.5450,1
203,21.00,59,0.0042,0.5434,1
204,21.50,60,0.0016,0.5418,1
205,-44.00,1024,0.0050,0.5401,0
206,20.00,67,0.0032,0.5385,1
207,17.00,87,0.0018,0.5369,1
208,-12.00,559,0.0026,0.5353,1
209,-52.00,1024,0.0041,0.5337,0
210,-47.00,1024,0.0055,0.5321,0
211,16.00,79,0.0055,0.5305,1
212,-40.00,1024,0.0039,0.5289,0
213,-35.00,1024,0.0032,0.5273,0
214,21.50,76,0.0025,0.5257,1
215,-43.00,1024,0.0029,0.5242,0
216,21.50,72,0.0016,0.5226,1
217,18.00,61,0.0019,0.5210,1
218,-43.00,1024,0.0031,0.5195,0
219,17.50,72,0.0022,0.5179,1
220,18.00,67,0.0029,0.5163,1
221,-36.50,1024,0.0022,0.5148,0
222,-45.00,1024,0.0024,0.5132,0
223,-41.00,1024,0.0023,0.5117,0
224,-41.50,1024,0.0022,0.5102,0
225,17.50,66,0.0012,0.5086,1
226,-50.50,1024,0.0021,0.5071,0
227,-47.50,1024,0.0019,0.5056,0
228,-44.00,1024,0.0024,0.5041,0
229,-45.50,1024,0.0017,0.5026,0
230,-43.00,1024,0.0017,0.5011,0
231,-55.00,1024,0.0024,0.4996,0
232,-41.50,1024,0.0019,0.4981,0
233,18.50,78,0.0016,0.4966,1
234,18.00,109,0.0013,0.4951,1
235,-42.00,1024,0.0019,0.4936,0
236,9.50,264,0.0015,0.4921,1
237,21.00,65,0.0021,0.4906,1
238,18.50,52,0.0015,0.4892,1
239,17.50,70,0.0016,0.4877,1
240,-38.00,1024,0.0014,0.4862,0
241,-50.00,1024,0.0020,0.4848,0
242,-46.00,1024,0.0020,0.4833,0
243,-42.00,1024,0.0016,0.4819,0
244,19.00,51,0.0017,0.4804,1
245,-34.00,1024,0.0012,0.4790,0
246,15.50,90,0.0012,0.4775,1
247,-34.50,1024,0.0019,0.4761,0
248,-41.00,1024,0.0014,0.4747,0
249,18.00,91,0.0020,0.4733,1
250,-40.00,1024,0.0020,0.4718,0
251,19.50,66,0.0010,0.4704,1
252,17.50,70,0.0016,0.4690,1
253,-39.00,1024,0.0017,0.4676,0
254,22.00,73,0.0025,0.4662,1
255,-38.00,1024,0.0020,0.4648,0
256,21.00,75,0.0018,0.4634,1
257,19.00,99,0.0016,0.4620,1
258,-26.50,1024,0.0022,0.4606,0
259,18.00,61,0.0011,0.4592,1
260,-47.00,1024,0.0022,0.4579,0
261,-35.50,1024,0.0020,0.4565,0
262,-30.00,1024,0.0017,0.4551,0
263,21.00,57,0.0017,0.4538,1
264,21.50,50,0.0030,0.4524,1
265,-46.50,1024,0.0024,0.4510,0
266,-36.50,1024,0.0017,0.4497,0
267,17.50,76,0.0024,0.4483,1
268,-26.50,1024,0.0023,0.4470,0
269,-30.00,769,0.0021,0.4457,1
270,-22.00,1024,0.0024,0.4443,0
271,-32.00,1024,0.0022,0.4430,0
272,-41.00,1024,0.0019,0.4417,0
273,-46.50,1024,0.0017,0.4403,0
274,-35.50,1024,0.0024,0.4390,0
275,-29.50,1024,0.0019,0.4377,0
276,16.00,57,0.0039,0.4364,1
277,-39.50,1024,0.0019,0.4351,0
278,-30.00,1024,0.0020,0.4338,0
279,-36.50,1024,0.0017,0.4325,0
280,19.50,56,0.0008,0.4312,1
281,19.50,90,0.0008,0.4299,1
282,-34.00,1024,0.0019,0.4286,0
283,-21.50,1024,0.0021,0.4273,0
284,-31.50,1024,0.0018,0.4260,0
285,-23.00,1024,0.0014,0.4247,0
286,-38.50,1024,0.0015,0.4235,0
287,21.50,68,0.0018,0.4222,1
288,-40.50,1024,0.0015,0.4209,0
289,-30.50,1024,0.0017,0.4197,0
290,-42.00,1024,0.0013,0.4184,0
291,19.00,53,0.0023,0.4171,1
292,-35.50,1024,0.0013,0.4159,0
293,-32.50,1024,0.0015,0.4146,0
294,-31.50,1024,0.0014,0.4134,0
295,-22.50,1024,0.0011,0.4122,0
296,-23.50,1024,0.0017,0.4109,0
297,-29.50,1024,0.0013,0.4097,0
298,-43.50,1024,0.0011,0.4085,0
299,-37.00,1024,0.0011,0.4072,0
300,-29.00,1024,0.0015,0.4060,0
301,18.50,62,0.0019,0.4048,1
302,19.50,48,0.0014,0.4036,1
303,-27.00,1024,0.0015,0.4024,0
304,20.50,52,0.0013,0.4012,1
305,-28.00,1024,0.0015,0.4000,0
306,-22.00,1024,0.0015,0.3988,0
307,18.00,63,0.0010,0.3976,1
308,-24.00,1024,0.0018,0.3964,0
309,-37.50,1024,0.0010,0.3952,0
310,-35.00,1024,0.0015,0.3940,0
311,-20.50,1024,0.0018,0.3928,0
312,18.50,90,0.0008,0.3916,1
313,-23.00,1024,0.0022,0.3905,0
314,-30.50,1024,0.0019,0.3893,0
315,-26.50,1024,0.0017,0.3881,0
316,-28.00,1024,0.0019,0.3870,0
317,-27.50,1024,0.0014,0.3858,0
318,-24.00,1024,0.0014,0.3846,0
319,-30.00,1024,0.0020,0.3835,0
320,-19.00,1024,0.0012,0.3823,0
321,20.50,74,0.0026,0.3812,1
322,-24.50,1024,0.0024,0.3801,0
323,-26.50,1024,0.0011,0.3789,0
324,-25.50,1024,0.0011,0.3778,0
325,-20.00,1024,0.0016,0.3766,0
326,-24.50,1024,0.0013,0.3755,0
327,-19.50,1024,0.0013,0.3744,0
328,-27.50,1024,0.0015,0.3733,0
329,-33.50,1024,0.0015,0.3721,0
330,-20.00,1024,0.0017,0.3710,0
331,20.00,47,0.0031,0.3699,1
332,-24.50,1024,0.0020,0.3688,0
333,-22.50,1024,0.0019,0.3677,0
334,-32.50,1024,0.0016,0.3666,0
335,19.00,71,0.0009,0.3655,1
336,-22.00,1024,0.0017,0.3644,0
337,20.00,55,0.0011,0.3633,1
338,-40.50,1024,0.0012,0.3622,0
339,23.00,51,0.0005,0.3611,1
340,-25.00,1024,0.0021,0.3600,0
341,20.50,70,0.0017,0.3590,1
342,22.00,67,0.0017,0.3579,1
343,-20.50,1024,0.0025,0.3568,0
344,21.50,64,0.0026,0.3557,1
345,-16.50,1024,0.0017,0.3547,0
346,-24.00,1024,0.0020,0.3536,0
347,-17.00,1024,0.0019,0.3525,0
348,-16.00,1024,0.0021,0.3515,0
349,-27.00,1024,0.0021,0.3504,0
350,22.00,45,0.0013,0.3494,1
351,-10.50,572,0.0025,0.3483,1
352,21.00,49,0.0025,0.3473,1
353,-29.50,1024,0.0015,0.3463,0
354,-32.50,1024,0.0018,0.3452,0
355,-18.50,1024,0.0025,0.3442,0
356,-23.50,1024,0.0018,0.3431,0
357,-16.00,1024,0.0023,0.3421,0
358,-26.00,1024,0.0021,0.3411,0
359,-24.50,1024,0.0018,0.3401,0
360,-30.00,1024,0.0016,0.3390,0
361,21.00,55,0.0027,0.3380,1
362,20.50,46,0.0031,0.3370,1
363,-19.50,1024,0.0018,0.3360,0
364,-22.50,1024,0.0014,0.3350,0
365,-19.50,1024,0.0020,0.3340,0
366,-19.50,1024,0.0011,0.3330,0
367,21.00,55,0.0011,0.3320,1
368,-18.50,1024,0.0016,0.3310,0
369,20.50,46,0.0009,0.3300,1
370,-8.50,1024,0.0015,0.3290,0
371,-16.50,1024,0.0020,0.3280,0
372,-20.00,1024,0.0013,0.3270,0
373,-12.50,1024,0.0012,0.3261,0
374,-14.50,1024,0.0012,0.3251,0
375,-14.00,1024,0.0012,0.3241,0
376,-22.00,1024,0.0014,0.3231,0
