model,size,maze,maze_seed,train_seed,phase,phase_step,env_steps,expert_epochs,elapsed_seconds,solved,optimal,path_len,shortest,looped
compact_ppo,small,small_00,100,7,bc,0,0,0,0.0,False,False,16,30,True
compact_ppo,small,small_00,100,7,bc,1,0,1,1.3692,True,True,30,30,False
compact_ppo,small,small_00,100,7,bc,50,0,50,1.5067,True,True,30,30,False
compact_ppo,small,small_00,100,7,bc,100,0,100,1.6382,True,True,30,30,False
compact_ppo,small,small_00,100,7,bc,150,0,150,1.7693,True,True,30,30,False
compact_ppo,small,small_00,100,7,bc,200,0,200,1.9005,True,True,30,30,False
compact_ppo,small,small_00,100,7,bc,250,0,250,2.019,True,True,30,30,False
compact_ppo,small,small_00,100,7,bc,300,0,300,2.1507,True,True,30,30,False
compact_ppo,small,small_00,100,7,bc,350,0,350,2.2779,True,True,30,30,False
compact_ppo,small,small_00,100,7,bc,400,0,400,2.4119,True,True,30,30,False
compact_ppo,small,small_00,100,7,bc,450,0,450,2.5448,True,True,30,30,False
compact_ppo,small,small_00,100,7,bc,500,0,500,2.6819,True,True,30,30,False
compact_ppo,small,small_00,100,7,bc,550,0,550,2.8153,True,True,30,30,False
compact_ppo,small,small_00,100,7,bc,600,0,600,2.9459,True,True,30,30,False
compact_ppo,small,small_00,100,7,bc,650,0,650,3.0929,True,True,30,30,False
compact_ppo,small,small_00,100,7,bc,700,0,700,3.2254,True,True,30,30,False
compact_ppo,small,small_00,100,7,bc,750,0,750,3.3588,True,True,30,30,False
compact_ppo,small,small_00,100,7,bc,800,0,800,3.4967,True,True,30,30,False
compact_ppo,small,small_00,100,7,bc,850,0,850,3.631,True,True,30,30,False
compact_ppo,small,small_00,100,7,bc,900,0,900,3.7718,True,True,30,30,False
compact_ppo,small,small_00,100,7,bc,950,0,950,3.9068,True,True,30,30,False
compact_ppo,small,small_00,100,7,bc,1000,0,1000,4.0421,True,True,30,30,False
compact_ppo,medium,medium_00,200,7,bc,0,0,0,0.0,False,False,25,96,True
compact_ppo,medium,medium_00,200,7,bc,1,0,1,0.0082,False,False,29,96,True
compact_ppo,medium,medium_00,200,7,bc,50,0,50,0.1825,False,False,2,96,True
compact_ppo,medium,medium_00,200,7,bc,100,0,100,0.3362,False,False,25,96,True
compact_ppo,medium,medium_00,200,7,bc,150,0,150,0.4941,False,False,26,96,True
compact_ppo,medium,medium_00,200,7,bc,200,0,200,0.6544,False,False,52,96,True
compact_ppo,medium,medium_00,200,7,bc,250,0,250,0.8197,True,True,96,96,False
compact_ppo,medium,medium_00,200,7,bc,300,0,300,0.9846,True,True,96,96,False
compact_ppo,medium,medium_00,200,7,bc,350,0,350,1.1544,True,True,96,96,False
compact_ppo,medium,medium_00,200,7,bc,400,0,400,1.3261,True,True,96,96,False
compact_ppo,medium,medium_00,200,7,bc,450,0,450,1.5034,True,True,96,96,False
compact_ppo,medium,medium_00,200,7,bc,500,0,500,1.6898,True,True,96,96,False
compact_ppo,medium,medium_00,200,7,bc,550,0,550,1.8747,True,True,96,96,False
compact_ppo,medium,medium_00,200,7,bc,600,0,600,2.0529,True,True,96,96,False
compact_ppo,medium,medium_00,200,7,bc,650,0,650,2.2282,True,True,96,96,False
compact_ppo,medium,medium_00,200,7,bc,700,0,700,2.4044,True,True,96,96,False
compact_ppo,medium,medium_00,200,7,bc,750,0,750,2.5866,True,True,96,96,False
compact_ppo,medium,medium_00,200,7,bc,800,0,800,2.7597,True,True,96,96,False
compact_ppo,medium,medium_00,200,7,bc,850,0,850,2.9305,True,True,96,96,False
compact_ppo,medium,medium_00,200,7,bc,900,0,900,3.0913,True,True,96,96,False
compact_ppo,medium,medium_00,200,7,bc,950,0,950,3.2496,True,True,96,96,False
compact_ppo,medium,medium_00,200,7,bc,1000,0,1000,3.4174,True,True,96,96,False
compact_ppo,large,large_00,300,7,bc,0,0,0,0.0,False,False,35,204,True
compact_ppo,large,large_00,300,7,bc,1,0,1,0.0103,False,False,37,204,True
compact_ppo,large,large_00,300,7,bc,50,0,50,0.193,False,False,2,204,True
compact_ppo,large,large_00,300,7,bc,100,0,100,0.3783,False,False,35,204,True
compact_ppo,large,large_00,300,7,bc,150,0,150,0.5778,False,False,36,204,True
compact_ppo,large,large_00,300,7,bc,200,0,200,0.7728,False,False,37,204,True
compact_ppo,large,large_00,300,7,bc,250,0,250,0.9804,False,False,38,204,True
compact_ppo,large,large_00,300,7,bc,300,0,300,1.2171,False,False,38,204,True
compact_ppo,large,large_00,300,7,bc,350,0,350,1.4331,False,False,38,204,True
compact_ppo,large,large_00,300,7,bc,400,0,400,1.6688,False,False,38,204,True
compact_ppo,large,large_00,300,7,bc,450,0,450,1.9143,False,False,38,204,True
compact_ppo,large,large_00,300,7,bc,500,0,500,2.1572,False,False,38,204,True
compact_ppo,large,large_00,300,7,bc,550,0,550,2.3713,False,False,38,204,True
compact_ppo,large,large_00,300,7,bc,600,0,600,2.5836,False,False,38,204,True
compact_ppo,large,large_00,300,7,bc,650,0,650,2.8026,False,False,39,204,True
compact_ppo,large,large_00,300,7,bc,700,0,700,3.0283,False,False,79,204,True
compact_ppo,large,large_00,300,7,bc,750,0,750,3.2596,True,True,204,204,False
compact_ppo,large,large_00,300,7,bc,800,0,800,3.5008,True,True,204,204,False
compact_ppo,large,large_00,300,7,bc,850,0,850,3.7551,True,True,204,204,False
compact_ppo,large,large_00,300,7,bc,900,0,900,3.9948,True,True,204,204,False
compact_ppo,large,large_00,300,7,bc,950,0,950,4.24,True,True,204,204,False
compact_ppo,large,large_00,300,7,bc,1000,0,1000,4.4881,True,True,204,204,False
